,placeID,Rcuisine,userID,rating,food_rating,service_rating
0,135109,Italian,U1030,0,0,0
1,135109,Italian,U1020,2,2,1
2,135109,Italian,U1051,1,1,1
3,135109,Italian,U1041,1,2,1
4,135106,Mexican,U1055,2,2,2
5,135106,Mexican,U1126,2,2,2
6,135106,Mexican,U1024,1,1,1
7,135106,Mexican,U1004,2,2,2
8,135106,Mexican,U1106,0,0,0
9,135106,Mexican,U1016,2,2,2
10,135106,Mexican,U1101,0,0,0
11,135106,Mexican,U1135,0,0,0
12,135106,Mexican,U1078,2,2,2
13,135106,Mexican,U1002,1,1,1
14,135104,Mexican,U1068,1,1,2
15,135104,Mexican,U1067,0,0,0
16,135104,Mexican,U1103,1,2,0
17,135104,Mexican,U1123,2,2,2
18,135104,Mexican,U1063,1,2,1
19,135104,Mexican,U1028,0,1,0
20,135104,Mexican,U1087,1,2,1
21,135088,Cafeteria,U1044,2,2,2
22,135088,Cafeteria,U1030,1,0,1
23,135088,Cafeteria,U1072,0,1,0
24,135088,Cafeteria,U1117,1,1,2
25,135088,Cafeteria,U1020,1,2,0
26,135088,Cafeteria,U1051,1,1,1
27,135086,Burgers,U1108,1,1,0
28,135086,Burgers,U1034,1,1,1
29,135086,Burgers,U1095,1,2,1
30,135086,Burgers,U1007,0,0,0
31,135086,Burgers,U1091,1,1,1
32,135086,Burgers,U1019,0,0,0
33,135086,Burgers,U1061,1,1,2
34,135086,Burgers,U1112,0,0,0
35,135086,Burgers,U1096,1,0,2
36,135086,Burgers,U1097,2,0,1
37,135086,Fast_Food,U1108,1,1,0
38,135086,Fast_Food,U1034,1,1,1
39,135086,Fast_Food,U1095,1,2,1
40,135086,Fast_Food,U1007,0,0,0
41,135086,Fast_Food,U1091,1,1,1
42,135086,Fast_Food,U1019,0,0,0
43,135086,Fast_Food,U1061,1,1,2
44,135086,Fast_Food,U1112,0,0,0
45,135086,Fast_Food,U1096,1,0,2
46,135086,Fast_Food,U1097,2,0,1
47,135085,Fast_Food,U1077,2,2,2
48,135085,Fast_Food,U1108,1,2,1
49,135085,Fast_Food,U1081,1,2,1
50,135085,Fast_Food,U1056,2,2,2
51,135085,Fast_Food,U1134,2,1,2
52,135085,Fast_Food,U1116,2,2,2
53,135085,Fast_Food,U1132,2,2,2
54,135085,Fast_Food,U1120,0,0,0
55,135085,Fast_Food,U1036,2,2,2
56,135085,Fast_Food,U1084,2,2,2
57,135085,Fast_Food,U1113,1,2,1
58,135085,Fast_Food,U1104,2,2,1
59,135085,Fast_Food,U1106,2,2,2
60,135085,Fast_Food,U1045,2,2,2
61,135085,Fast_Food,U1016,2,2,0
62,135085,Fast_Food,U1007,1,2,0
63,135085,Fast_Food,U1013,1,2,0
64,135085,Fast_Food,U1001,0,1,1
65,135085,Fast_Food,U1135,0,0,0
66,135085,Fast_Food,U1032,1,1,1
67,135085,Fast_Food,U1062,0,0,0
68,135085,Fast_Food,U1092,0,0,0
69,135085,Fast_Food,U1109,2,2,2
70,135085,Fast_Food,U1122,2,2,1
71,135085,Fast_Food,U1098,1,2,1
72,135085,Fast_Food,U1033,2,2,2
73,135085,Fast_Food,U1089,1,1,1
74,135085,Fast_Food,U1027,1,1,1
75,135085,Fast_Food,U1029,1,1,1
76,135085,Fast_Food,U1086,2,1,1
77,135085,Fast_Food,U1137,2,1,2
78,135085,Fast_Food,U1046,1,2,1
79,135085,Fast_Food,U1090,2,2,2
80,135085,Fast_Food,U1059,2,2,2
81,135085,Fast_Food,U1049,0,0,0
82,135085,Fast_Food,U1002,1,1,1
83,135079,Chinese,U1134,1,1,2
84,135079,Chinese,U1036,2,2,2
85,135079,Chinese,U1113,1,2,1
86,135079,Chinese,U1106,2,2,2
87,135079,Chinese,U1009,1,2,2
88,135079,Chinese,U1013,1,1,1
89,135079,Chinese,U1032,2,2,0
90,135079,Chinese,U1019,0,0,0
91,135079,Chinese,U1122,2,2,2
92,135079,Chinese,U1098,2,1,1
93,135079,Chinese,U1089,0,0,0
94,135079,Chinese,U1003,2,2,2
95,135079,Chinese,U1112,1,0,0
96,135079,Chinese,U1097,2,1,0
97,135079,Chinese,U1128,0,0,0
98,135079,Chinese,U1006,1,1,1
99,135079,Chinese,U1010,0,0,0
100,135075,Seafood,U1108,2,2,2
101,135075,Seafood,U1055,2,2,2
102,135075,Seafood,U1134,2,1,1
103,135075,Seafood,U1033,2,1,0
104,135075,Seafood,U1003,2,2,2
105,135075,Seafood,U1091,2,2,2
106,135075,Seafood,U1137,2,2,2
107,135075,Seafood,U1061,2,2,2
108,135075,Seafood,U1013,2,2,1
109,135075,Seafood,U1059,2,2,1
110,135075,Seafood,U1057,0,1,1
111,135075,Seafood,U1006,1,1,2
112,135075,Seafood,U1096,1,2,1
113,135074,Contemporary,U1108,2,2,1
114,135074,Contemporary,U1083,2,2,2
115,135074,Contemporary,U1134,2,2,2
116,135074,Contemporary,U1136,1,1,2
117,135073,Bar,U1076,2,1,1
118,135073,Bar,U1022,2,2,2
119,135073,Bar,U1024,1,2,0
120,135073,Bar,U1101,1,1,1
121,135073,Bar_Pub_Brewery,U1076,2,1,1
122,135073,Bar_Pub_Brewery,U1022,2,2,2
123,135073,Bar_Pub_Brewery,U1024,1,2,0
124,135073,Bar_Pub_Brewery,U1101,1,1,1
125,135072,Japanese,U1083,1,2,2
126,135072,Japanese,U1084,2,2,2
127,135072,Japanese,U1095,2,2,2
128,135072,Japanese,U1013,2,1,1
129,135072,Japanese,U1089,1,1,1
130,135072,Japanese,U1114,0,0,0
131,135072,Japanese,U1096,1,2,1
132,135072,Japanese,U1136,1,1,1
133,135071,Bar,U1015,0,0,0
134,135071,Bar,U1088,0,0,0
135,135071,Bar,U1124,1,0,1
136,135071,Bar,U1094,0,1,0
137,135071,Bar,U1115,2,2,2
138,135071,Bar,U1111,2,2,2
139,135071,Bar,U1037,1,0,0
140,135071,Bar,U1092,1,0,0
141,135071,Bar,U1025,2,2,2
142,135071,Bar_Pub_Brewery,U1015,0,0,0
143,135071,Bar_Pub_Brewery,U1088,0,0,0
144,135071,Bar_Pub_Brewery,U1124,1,0,1
145,135071,Bar_Pub_Brewery,U1094,0,1,0
146,135071,Bar_Pub_Brewery,U1115,2,2,2
147,135071,Bar_Pub_Brewery,U1111,2,2,2
148,135071,Bar_Pub_Brewery,U1037,1,0,0
149,135071,Bar_Pub_Brewery,U1092,1,0,0
150,135071,Bar_Pub_Brewery,U1025,2,2,2
151,135069,Bar,U1081,1,0,1
152,135069,Bar,U1064,0,0,1
153,135069,Bar,U1014,1,0,1
154,135069,Bar,U1088,1,2,2
155,135069,Bar,U1126,0,0,0
156,135069,Bar,U1124,1,1,1
157,135069,Bar,U1018,0,1,1
158,135069,Bar,U1094,0,1,0
159,135069,Bar,U1105,0,0,0
160,135069,Bar,U1115,1,0,1
161,135069,Bar,U1069,0,0,0
162,135069,Bar,U1008,1,1,1
163,135060,Seafood,U1077,1,2,2
164,135060,Seafood,U1053,2,2,1
165,135060,Seafood,U1064,1,0,1
166,135060,Seafood,U1125,1,0,2
167,135060,Seafood,U1022,1,1,2
168,135060,Seafood,U1116,0,0,0
169,135060,Seafood,U1024,1,0,2
170,135060,Seafood,U1004,1,1,1
171,135060,Seafood,U1071,1,2,2
172,135060,Seafood,U1045,2,2,2
173,135060,Seafood,U1009,1,1,1
174,135060,Seafood,U1016,2,2,2
175,135060,Seafood,U1099,2,2,2
176,135060,Seafood,U1054,2,2,2
177,135060,Seafood,U1032,1,1,1
178,135060,Seafood,U1135,0,0,0
179,135060,Seafood,U1078,2,2,2
180,135060,Seafood,U1098,2,1,2
181,135060,Seafood,U1086,1,1,1
182,135060,Seafood,U1128,0,0,0
183,135060,Seafood,U1073,0,0,0
184,135060,Seafood,U1013,1,1,0
185,135059,Bar,U1134,2,1,0
186,135059,Bar,U1116,0,2,2
187,135059,Bar,U1036,2,2,2
188,135059,Bar,U1009,2,1,1
189,135059,Bar,U1085,2,2,1
190,135059,Bar,U1029,2,1,1
191,135059,Bar,U1137,2,0,2
192,135059,Bar,U1002,1,2,1
193,135059,Bar,U1003,2,2,2
194,135058,Pizzeria,U1108,1,1,1
195,135058,Pizzeria,U1084,1,0,2
196,135058,Pizzeria,U1009,1,1,2
197,135058,Pizzeria,U1095,1,2,2
198,135058,Pizzeria,U1007,1,2,1
199,135058,Pizzeria,U1032,2,1,0
200,135058,Pizzeria,U1135,0,0,0
201,135058,Pizzeria,U1109,2,2,2
202,135058,Pizzeria,U1122,2,0,2
203,135058,Pizzeria,U1089,1,1,1
204,135058,Pizzeria,U1137,0,2,2
205,135058,Pizzeria,U1114,0,0,0
206,135058,Pizzeria,U1061,1,1,1
207,135058,Pizzeria,U1046,2,2,1
208,135058,Pizzeria,U1097,2,1,1
209,135058,Pizzeria,U1128,0,0,0
210,135058,Pizzeria,U1058,2,2,0
211,135058,Pizzeria,U1010,1,0,0
212,135057,Bar,U1064,1,1,2
213,135057,Bar,U1088,1,2,2
214,135057,Bar,U1014,1,0,2
215,135057,Bar,U1126,2,2,2
216,135057,Bar,U1124,1,1,1
217,135057,Bar,U1018,1,1,0
218,135057,Bar,U1022,2,2,2
219,135057,Bar,U1094,0,1,0
220,135057,Bar,U1105,0,0,0
221,135057,Bar,U1007,1,1,2
222,135057,Bar,U1075,2,1,1
223,135057,Bar,U1115,2,2,2
224,135057,Bar,U1005,1,2,1
225,135057,Bar,U1120,2,2,2
226,135057,Bar,U1113,2,2,1
227,135055,Mexican,U1134,2,2,2
228,135055,Mexican,U1095,2,2,2
229,135055,Mexican,U1085,2,2,2
230,135055,Mexican,U1034,0,0,0
231,135055,Mexican,U1096,2,2,2
232,135055,Mexican,U1136,2,2,2
233,135055,Mexican,U1058,2,2,2
234,135054,Seafood,U1088,2,2,2
235,135054,Seafood,U1126,1,2,1
236,135054,Seafood,U1124,1,1,1
237,135054,Seafood,U1094,0,0,0
238,135054,Seafood,U1105,0,0,0
239,135054,Seafood,U1115,0,0,1
240,135054,Seafood,U1037,2,1,1
241,135054,Seafood,U1008,1,1,1
242,135054,Seafood,U1015,1,1,1
243,135054,Seafood,U1131,2,1,2
244,135053,Cafeteria,U1053,2,2,0
245,135053,Cafeteria,U1114,0,0,0
246,135053,Cafeteria,U1062,0,0,0
247,135053,Cafeteria,U1122,2,2,2
248,135053,Cafeteria,U1128,0,0,0
249,135053,Cafeteria,U1058,2,1,1
250,135053,Cafeteria,U1097,2,2,2
251,135053,Cafeteria,U1010,1,1,1
252,135053,Fast_Food,U1053,2,2,0
253,135053,Fast_Food,U1114,0,0,0
254,135053,Fast_Food,U1062,0,0,0
255,135053,Fast_Food,U1122,2,2,2
256,135053,Fast_Food,U1128,0,0,0
257,135053,Fast_Food,U1058,2,1,1
258,135053,Fast_Food,U1097,2,2,2
259,135053,Fast_Food,U1010,1,1,1
260,135053,Pizzeria,U1053,2,2,0
261,135053,Pizzeria,U1114,0,0,0
262,135053,Pizzeria,U1062,0,0,0
263,135053,Pizzeria,U1122,2,2,2
264,135053,Pizzeria,U1128,0,0,0
265,135053,Pizzeria,U1058,2,1,1
266,135053,Pizzeria,U1097,2,2,2
267,135053,Pizzeria,U1010,1,1,1
268,135052,Bar,U1064,2,0,2
269,135052,Bar,U1081,0,1,1
270,135052,Bar,U1056,2,2,2
271,135052,Bar,U1126,2,1,1
272,135052,Bar,U1022,2,2,2
273,135052,Bar,U1116,2,2,2
274,135052,Bar,U1105,0,0,0
275,135052,Bar,U1132,2,2,2
276,135052,Bar,U1036,2,2,2
277,135052,Bar,U1071,2,2,2
278,135052,Bar,U1106,0,0,0
279,135052,Bar,U1104,1,1,1
280,135052,Bar,U1045,1,2,2
281,135052,Bar,U1009,2,1,0
282,135052,Bar,U1016,2,2,2
283,135052,Bar,U1054,2,2,1
284,135052,Bar,U1101,2,1,1
285,135052,Bar,U1135,0,0,0
286,135052,Bar,U1062,0,0,0
287,135052,Bar,U1078,2,2,2
288,135052,Bar,U1027,1,1,1
289,135052,Bar,U1090,2,2,2
290,135052,Bar,U1073,0,0,0
291,135052,Bar,U1049,0,0,0
292,135052,Bar,U1002,1,1,1
293,135052,Bar_Pub_Brewery,U1064,2,0,2
294,135052,Bar_Pub_Brewery,U1081,0,1,1
295,135052,Bar_Pub_Brewery,U1056,2,2,2
296,135052,Bar_Pub_Brewery,U1126,2,1,1
297,135052,Bar_Pub_Brewery,U1022,2,2,2
298,135052,Bar_Pub_Brewery,U1116,2,2,2
299,135052,Bar_Pub_Brewery,U1105,0,0,0
300,135052,Bar_Pub_Brewery,U1132,2,2,2
301,135052,Bar_Pub_Brewery,U1036,2,2,2
302,135052,Bar_Pub_Brewery,U1071,2,2,2
303,135052,Bar_Pub_Brewery,U1106,0,0,0
304,135052,Bar_Pub_Brewery,U1104,1,1,1
305,135052,Bar_Pub_Brewery,U1045,1,2,2
306,135052,Bar_Pub_Brewery,U1009,2,1,0
307,135052,Bar_Pub_Brewery,U1016,2,2,2
308,135052,Bar_Pub_Brewery,U1054,2,2,1
309,135052,Bar_Pub_Brewery,U1101,2,1,1
310,135052,Bar_Pub_Brewery,U1135,0,0,0
311,135052,Bar_Pub_Brewery,U1062,0,0,0
312,135052,Bar_Pub_Brewery,U1078,2,2,2
313,135052,Bar_Pub_Brewery,U1027,1,1,1
314,135052,Bar_Pub_Brewery,U1090,2,2,2
315,135052,Bar_Pub_Brewery,U1073,0,0,0
316,135052,Bar_Pub_Brewery,U1049,0,0,0
317,135052,Bar_Pub_Brewery,U1002,1,1,1
318,135049,Seafood,U1083,0,0,0
319,135049,Seafood,U1034,0,0,0
320,135049,Seafood,U1048,1,0,2
321,135049,Seafood,U1137,2,2,2
322,135049,Seafood,U1097,2,1,1
323,135048,Bar,U1055,2,2,2
324,135048,Bar,U1048,0,1,0
325,135048,Bar,U1061,2,2,2
326,135048,Bar,U1112,0,0,0
327,135048,Bar,U1006,1,1,2
328,135048,Bar,U1136,1,2,2
329,135046,Fast_Food,U1083,2,2,1
330,135046,Fast_Food,U1108,1,2,1
331,135046,Fast_Food,U1134,2,1,1
332,135046,Fast_Food,U1113,2,2,1
333,135046,Fast_Food,U1092,0,0,0
334,135046,Fast_Food,U1098,1,2,1
335,135046,Fast_Food,U1033,2,1,1
336,135046,Fast_Food,U1061,1,2,1
337,135046,Fast_Food,U1112,0,0,0
338,135046,Fast_Food,U1057,1,0,0
339,135046,Fast_Food,U1136,2,2,2
340,135044,Chinese,U1083,1,2,2
341,135044,Chinese,U1134,1,1,1
342,135044,Chinese,U1046,1,1,0
343,135044,Chinese,U1059,2,1,1
344,135043,Fast_Food,U1081,0,0,1
345,135043,Fast_Food,U1014,1,0,0
346,135043,Fast_Food,U1018,0,0,0
347,135043,Fast_Food,U1125,1,1,2
348,135043,Fast_Food,U1005,0,2,0
349,135043,Fast_Food,U1099,2,2,2
350,135043,Fast_Food,U1085,2,2,2
351,135043,Fast_Food,U1057,1,1,1
352,135043,Fast_Food,U1058,1,2,2
353,135043,Pizzeria,U1081,0,0,1
354,135043,Pizzeria,U1014,1,0,0
355,135043,Pizzeria,U1018,0,0,0
356,135043,Pizzeria,U1125,1,1,2
357,135043,Pizzeria,U1005,0,2,0
358,135043,Pizzeria,U1099,2,2,2
359,135043,Pizzeria,U1085,2,2,2
360,135043,Pizzeria,U1057,1,1,1
361,135043,Pizzeria,U1058,1,2,2
362,135042,Chinese,U1053,2,1,2
363,135042,Chinese,U1064,1,2,1
364,135042,Chinese,U1014,1,1,0
365,135042,Chinese,U1125,1,1,1
366,135042,Chinese,U1076,2,2,2
367,135042,Chinese,U1024,1,2,1
368,135042,Chinese,U1005,2,1,2
369,135042,Chinese,U1036,2,2,2
370,135042,Chinese,U1071,2,2,2
371,135042,Chinese,U1106,2,0,0
372,135042,Chinese,U1016,1,2,2
373,135042,Chinese,U1099,1,1,1
374,135042,Chinese,U1032,0,1,0
375,135042,Chinese,U1135,0,0,0
376,135042,Chinese,U1085,0,0,0
377,135042,Chinese,U1109,2,2,2
378,135042,Chinese,U1027,1,1,1
379,135042,Chinese,U1137,2,2,2
380,135042,Chinese,U1049,0,0,0
381,135042,Chinese,U1010,2,2,2
382,135041,Bar,U1088,2,2,2
383,135041,Bar,U1106,1,1,1
384,135041,Bar,U1126,2,1,1
385,135041,Bar,U1075,1,1,0
386,135041,Bar,U1024,1,1,1
387,135041,Bar,U1005,1,1,1
388,135041,Bar,U1049,0,0,0
389,135041,Bar,U1104,1,2,1
390,135041,Bar,U1045,1,2,1
391,135041,Bar,U1054,2,2,2
392,135041,Bar,U1101,0,0,0
393,135041,Bar,U1135,0,0,0
394,135041,Bar,U1078,2,1,2
395,135041,Bar,U1003,0,1,1
396,135041,Bar,U1086,2,2,2
397,135041,Bar,U1061,2,2,2
398,135041,Bar,U1002,2,1,0
399,135041,Cafeteria,U1088,2,2,2
400,135041,Cafeteria,U1106,1,1,1
401,135041,Cafeteria,U1126,2,1,1
402,135041,Cafeteria,U1075,1,1,0
403,135041,Cafeteria,U1024,1,1,1
404,135041,Cafeteria,U1005,1,1,1
405,135041,Cafeteria,U1049,0,0,0
406,135041,Cafeteria,U1104,1,2,1
407,135041,Cafeteria,U1045,1,2,1
408,135041,Cafeteria,U1054,2,2,2
409,135041,Cafeteria,U1101,0,0,0
410,135041,Cafeteria,U1135,0,0,0
411,135041,Cafeteria,U1078,2,1,2
412,135041,Cafeteria,U1003,0,1,1
413,135041,Cafeteria,U1086,2,2,2
414,135041,Cafeteria,U1061,2,2,2
415,135041,Cafeteria,U1002,2,1,0
416,135039,Seafood,U1081,0,0,0
417,135039,Seafood,U1124,1,1,1
418,135039,Seafood,U1076,2,2,1
419,135039,Seafood,U1105,0,0,0
420,135039,Seafood,U1075,2,2,0
421,135039,Seafood,U1024,2,2,2
422,135039,Seafood,U1071,2,2,2
423,135039,Seafood,U1104,0,0,1
424,135039,Seafood,U1106,2,1,1
425,135039,Seafood,U1054,2,2,1
426,135039,Seafood,U1101,1,1,1
427,135039,Seafood,U1001,1,1,1
428,135035,Italian,U1084,2,2,2
429,135035,Italian,U1095,2,2,2
430,135035,Italian,U1034,1,1,1
431,135035,Italian,U1091,1,1,1
432,135034,Japanese,U1083,2,2,2
433,135034,Japanese,U1095,2,2,2
434,135034,Japanese,U1048,2,2,1
435,135034,Japanese,U1061,2,2,2
436,135034,Japanese,U1097,2,2,1
437,135032,Cafeteria,U1108,2,1,2
438,135032,Cafeteria,U1053,2,2,1
439,135032,Cafeteria,U1081,0,1,1
440,135032,Cafeteria,U1088,2,2,2
441,135032,Cafeteria,U1106,0,0,0
442,135032,Cafeteria,U1124,1,1,1
443,135032,Cafeteria,U1125,1,2,1
444,135032,Cafeteria,U1018,1,1,1
445,135032,Cafeteria,U1022,1,1,2
446,135032,Cafeteria,U1075,1,1,1
447,135032,Cafeteria,U1024,2,2,2
448,135032,Cafeteria,U1132,1,0,1
449,135032,Cafeteria,U1005,2,1,2
450,135032,Cafeteria,U1120,1,1,1
451,135032,Cafeteria,U1004,2,2,2
452,135032,Cafeteria,U1071,2,2,2
453,135032,Cafeteria,U1113,0,0,0
454,135032,Cafeteria,U1104,2,1,1
455,135032,Cafeteria,U1045,0,0,0
456,135032,Cafeteria,U1016,2,2,2
457,135032,Cafeteria,U1007,1,1,0
458,135032,Cafeteria,U1054,1,1,1
459,135032,Cafeteria,U1101,2,2,1
460,135032,Cafeteria,U1032,0,0,0
461,135032,Cafeteria,U1135,0,0,0
462,135032,Cafeteria,U1109,2,2,2
463,135032,Cafeteria,U1098,2,1,1
464,135032,Cafeteria,U1049,0,0,0
465,135032,Contemporary,U1108,2,1,2
466,135032,Contemporary,U1053,2,2,1
467,135032,Contemporary,U1081,0,1,1
468,135032,Contemporary,U1088,2,2,2
469,135032,Contemporary,U1106,0,0,0
470,135032,Contemporary,U1124,1,1,1
471,135032,Contemporary,U1125,1,2,1
472,135032,Contemporary,U1018,1,1,1
473,135032,Contemporary,U1022,1,1,2
474,135032,Contemporary,U1075,1,1,1
475,135032,Contemporary,U1024,2,2,2
476,135032,Contemporary,U1132,1,0,1
477,135032,Contemporary,U1005,2,1,2
478,135032,Contemporary,U1120,1,1,1
479,135032,Contemporary,U1004,2,2,2
480,135032,Contemporary,U1071,2,2,2
481,135032,Contemporary,U1113,0,0,0
482,135032,Contemporary,U1104,2,1,1
483,135032,Contemporary,U1045,0,0,0
484,135032,Contemporary,U1016,2,2,2
485,135032,Contemporary,U1007,1,1,0
486,135032,Contemporary,U1054,1,1,1
487,135032,Contemporary,U1101,2,2,1
488,135032,Contemporary,U1032,0,0,0
489,135032,Contemporary,U1135,0,0,0
490,135032,Contemporary,U1109,2,2,2
491,135032,Contemporary,U1098,2,1,1
492,135032,Contemporary,U1049,0,0,0
493,135030,Cafe-Coffee_Shop,U1081,1,1,1
494,135030,Cafe-Coffee_Shop,U1116,1,2,2
495,135030,Cafe-Coffee_Shop,U1024,1,1,1
496,135030,Cafe-Coffee_Shop,U1071,2,2,2
497,135030,Cafe-Coffee_Shop,U1084,2,2,2
498,135030,Cafe-Coffee_Shop,U1104,2,1,1
499,135030,Cafe-Coffee_Shop,U1106,2,2,1
500,135030,Cafe-Coffee_Shop,U1122,2,1,1
501,135030,Cafe-Coffee_Shop,U1033,2,1,1
502,135030,Cafe-Coffee_Shop,U1057,1,0,1
503,135030,Cafe-Coffee_Shop,U1059,2,2,2
504,135030,Cafe-Coffee_Shop,U1006,1,1,2
505,135030,Cafeteria,U1081,1,1,1
506,135030,Cafeteria,U1116,1,2,2
507,135030,Cafeteria,U1024,1,1,1
508,135030,Cafeteria,U1071,2,2,2
509,135030,Cafeteria,U1084,2,2,2
510,135030,Cafeteria,U1104,2,1,1
511,135030,Cafeteria,U1106,2,2,1
512,135030,Cafeteria,U1122,2,1,1
513,135030,Cafeteria,U1033,2,1,1
514,135030,Cafeteria,U1057,1,0,1
515,135030,Cafeteria,U1059,2,2,2
516,135030,Cafeteria,U1006,1,1,2
517,135028,Mexican,U1108,1,1,1
518,135028,Mexican,U1055,2,2,2
519,135028,Mexican,U1081,1,2,2
520,135028,Mexican,U1106,2,1,0
521,135028,Mexican,U1024,1,1,1
522,135028,Mexican,U1132,2,2,2
523,135028,Mexican,U1004,2,2,2
524,135028,Mexican,U1071,2,2,2
525,135028,Mexican,U1135,0,0,0
526,135028,Mexican,U1109,2,2,2
527,135028,Mexican,U1033,2,1,1
528,135028,Mexican,U1089,1,1,1
529,135028,Mexican,U1059,1,1,1
530,135028,Mexican,U1025,2,1,0
531,135028,Mexican,U1136,2,2,2
532,135027,Mexican,U1081,0,1,1
533,135027,Mexican,U1056,2,2,2
534,135027,Mexican,U1076,0,1,1
535,135027,Mexican,U1116,0,2,2
536,135027,Mexican,U1024,1,2,0
537,135027,Mexican,U1132,2,1,0
538,135027,Mexican,U1077,0,1,1
539,135027,Mexican,U1101,2,1,1
540,135026,Bar,U1134,0,0,0
541,135026,Bar,U1120,1,1,1
542,135026,Bar,U1084,2,2,2
543,135026,Bar,U1048,2,2,2
544,135026,Bar,U1046,1,0,2
545,135026,Bar,U1089,1,1,1
546,135026,Bar,U1061,2,2,2
547,135026,Bar,U1112,1,1,1
548,135026,Bar,U1097,1,0,1
549,135026,Bar,U1006,2,2,2
550,135026,Bar,U1096,2,2,2
551,135026,Bar_Pub_Brewery,U1134,0,0,0
552,135026,Bar_Pub_Brewery,U1120,1,1,1
553,135026,Bar_Pub_Brewery,U1084,2,2,2
554,135026,Bar_Pub_Brewery,U1048,2,2,2
555,135026,Bar_Pub_Brewery,U1046,1,0,2
556,135026,Bar_Pub_Brewery,U1089,1,1,1
557,135026,Bar_Pub_Brewery,U1061,2,2,2
558,135026,Bar_Pub_Brewery,U1112,1,1,1
559,135026,Bar_Pub_Brewery,U1097,1,0,1
560,135026,Bar_Pub_Brewery,U1006,2,2,2
561,135026,Bar_Pub_Brewery,U1096,2,2,2
562,135025,Mexican,U1055,2,2,2
563,135025,Mexican,U1053,2,1,2
564,135025,Mexican,U1018,1,1,1
565,135025,Mexican,U1022,0,0,0
566,135025,Mexican,U1116,2,2,2
567,135025,Mexican,U1132,1,1,2
568,135025,Mexican,U1036,2,2,2
569,135025,Mexican,U1071,2,2,2
570,135025,Mexican,U1104,2,1,1
571,135025,Mexican,U1007,1,1,1
572,135025,Mexican,U1054,2,2,2
573,135025,Mexican,U1001,2,2,2
574,135025,Mexican,U1092,2,1,1
575,135025,Mexican,U1090,2,2,2
576,135025,Mexican,U1096,2,2,2
577,135021,Fast_Food,U1127,2,1,1
578,135021,Fast_Food,U1100,2,1,0
579,135021,Fast_Food,U1133,2,2,2
580,135021,Fast_Food,U1118,2,0,0
581,135021,Fast_Food,U1119,0,0,0
582,135021,Fast_Food,U1121,0,0,0
583,135021,Fast_Food,U1110,1,2,1
584,135021,Fast_Food,U1042,1,2,0
585,135021,Fast_Food,U1041,2,2,2
586,135019,Bar,U1093,2,2,2
587,135019,Bar,U1030,0,0,0
588,135019,Bar,U1066,2,1,0
589,135019,Bar,U1133,1,2,0
590,135019,Bar,U1040,1,2,1
591,135019,Bar,U1121,2,2,2
592,135018,Mexican,U1030,2,2,2
593,135018,Mexican,U1012,2,2,2
594,135018,Mexican,U1117,1,1,1
595,135018,Mexican,U1035,1,2,1
596,134999,Japanese,U1093,2,2,2
597,134999,Japanese,U1066,1,1,1
598,134999,Japanese,U1040,1,1,1
599,134999,Japanese,U1110,2,2,2
600,134999,Japanese,U1121,2,2,2
601,134986,International,U1030,2,2,2
602,134986,International,U1012,2,2,2
603,134986,International,U1133,2,2,2
604,134986,International,U1044,2,2,2
605,134986,International,U1119,2,2,2
606,134986,International,U1035,2,2,2
607,134986,International,U1079,2,2,2
608,134986,International,U1042,2,2,2
609,134983,Bar,U1012,2,2,2
610,134983,Bar,U1017,0,0,1
611,134983,Bar,U1133,1,1,1
612,134983,Bar,U1118,0,0,0
613,134983,Bar,U1041,2,2,2
614,134983,Bar_Pub_Brewery,U1012,2,2,2
615,134983,Bar_Pub_Brewery,U1017,0,0,1
616,134983,Bar_Pub_Brewery,U1133,1,1,1
617,134983,Bar_Pub_Brewery,U1118,0,0,0
618,134983,Bar_Pub_Brewery,U1041,2,2,2
619,134976,Mexican,U1093,2,2,1
620,134976,Mexican,U1100,2,2,1
621,134976,Mexican,U1074,2,2,2
622,134976,Mexican,U1079,1,1,0
623,134976,Mediterranean,U1093,2,2,1
624,134976,Mediterranean,U1100,2,2,1
625,134976,Mediterranean,U1074,2,2,2
626,134976,Mediterranean,U1079,1,1,0
627,134976,Burgers,U1093,2,2,1
628,134976,Burgers,U1100,2,2,1
629,134976,Burgers,U1074,2,2,2
630,134976,Burgers,U1079,1,1,0
631,132958,American,U1004,2,2,2
632,132958,American,U1061,2,2,2
633,132958,American,U1025,1,0,0
634,132958,American,U1097,2,1,1
635,132958,American,U1096,1,2,2
636,132958,American,U1136,2,2,2
637,132955,Bar_Pub_Brewery,U1004,2,2,2
638,132955,Bar_Pub_Brewery,U1061,2,2,2
639,132955,Bar_Pub_Brewery,U1059,2,1,2
640,132955,Bar_Pub_Brewery,U1097,2,2,1
641,132955,Bar_Pub_Brewery,U1096,2,2,2
642,132954,Breakfast-Brunch,U1004,2,2,2
643,132954,Breakfast-Brunch,U1112,0,0,1
644,132954,Breakfast-Brunch,U1090,2,2,2
645,132954,Breakfast-Brunch,U1057,1,0,0
646,132954,Breakfast-Brunch,U1061,2,1,2
647,132954,Breakfast-Brunch,U1097,1,1,0
648,132954,Breakfast-Brunch,U1128,0,0,0
649,132954,Breakfast-Brunch,U1006,1,1,1
650,132954,Breakfast-Brunch,U1073,0,0,0
651,132951,American,U1033,2,1,0
652,132951,American,U1089,1,1,1
653,132951,American,U1027,1,1,1
654,132951,American,U1086,1,1,1
655,132951,American,U1137,2,2,2
656,132951,American,U1114,0,0,0
657,132951,American,U1046,1,1,2
658,132951,American,U1128,0,0,0
659,132951,American,U1073,0,0,0
660,132951,American,U1013,2,2,2
661,132937,Bar,U1003,2,2,1
662,132937,Bar,U1027,1,1,1
663,132937,Bar,U1029,1,1,1
664,132937,Bar,U1086,2,0,1
665,132925,Mexican,U1138,1,2,1
666,132925,Mexican,U1027,1,1,1
667,132925,Mexican,U1090,2,2,2
668,132925,Mexican,U1128,0,0,0
669,132925,Mexican,U1002,1,1,2
670,132922,Cafeteria,U1138,2,2,2
671,132922,Cafeteria,U1003,2,2,2
672,132922,Cafeteria,U1029,1,1,1
673,132922,Cafeteria,U1086,2,1,2
674,132922,Cafeteria,U1090,2,2,2
675,132922,Cafeteria,U1006,2,1,2
676,132921,Bar,U1138,2,2,1
677,132921,Bar,U1013,2,2,1
678,132921,Bar,U1098,1,2,1
679,132921,Bar,U1033,2,1,1
680,132921,Bar,U1089,1,1,1
681,132921,Bar,U1027,1,1,1
682,132921,Bar,U1029,1,1,1
683,132921,Bar,U1086,1,1,1
684,132921,Bar,U1019,0,0,0
685,132921,Bar,U1061,1,2,1
686,132921,Bar,U1046,2,1,2
687,132921,Bar,U1112,1,0,0
688,132921,Bar,U1128,0,0,0
689,132921,Bar,U1097,2,2,1
690,132921,Bar,U1049,0,0,0
691,132921,Bar,U1002,2,1,1
692,132921,Bar,U1136,2,2,2
693,132885,Cafeteria,U1078,1,1,1
694,132885,Cafeteria,U1099,0,0,0
695,132885,Cafeteria,U1085,0,0,0
696,132885,Cafeteria,U1098,1,1,0
697,132885,Cafeteria,U1058,1,1,1
698,132875,Japanese,U1047,0,0,0
699,132875,Japanese,U1013,2,2,1
700,132875,Japanese,U1089,1,1,1
701,132875,Japanese,U1091,1,2,2
702,132875,Japanese,U1027,1,1,1
703,132875,Japanese,U1128,0,0,0
704,132875,Japanese,U1006,2,2,2
705,132875,Japanese,U1096,2,2,2
706,132872,American,U1095,1,2,2
707,132872,American,U1099,1,1,2
708,132872,American,U1128,0,0,0
709,132872,American,U1062,0,0,0
710,132872,American,U1032,1,1,1
711,132872,American,U1085,0,2,2
712,132872,American,U1109,1,1,1
713,132872,American,U1122,2,2,2
714,132872,American,U1089,1,1,1
715,132872,American,U1027,1,1,1
716,132872,American,U1114,1,1,1
717,132872,American,U1058,2,2,1
718,132870,Burgers,U1052,1,1,1
719,132870,Burgers,U1111,0,0,0
720,132870,Burgers,U1015,0,0,1
721,132870,Burgers,U1131,0,2,0
722,132870,Burgers,U1102,2,2,0
723,132869,Pizzeria,U1052,2,2,1
724,132869,Pizzeria,U1008,1,1,1
725,132869,Pizzeria,U1111,0,0,0
726,132869,Pizzeria,U1037,1,1,2
727,132869,Pizzeria,U1015,2,2,2
728,132869,Pizzeria,U1131,1,2,1
729,132866,Bakery,U1052,2,2,1
730,132866,Bakery,U1008,1,1,1
731,132866,Bakery,U1015,0,1,1
732,132866,Bakery,U1025,2,1,2
733,132866,Bakery,U1131,2,2,2
734,132866,Cafeteria,U1052,2,2,1
735,132866,Cafeteria,U1008,1,1,1
736,132866,Cafeteria,U1015,0,1,1
737,132866,Cafeteria,U1025,2,1,2
738,132866,Cafeteria,U1131,2,2,2
739,132862,International,U1038,2,2,2
740,132862,International,U1071,2,2,2
741,132862,International,U1084,2,2,2
742,132862,International,U1106,2,2,2
743,132862,International,U1009,2,1,2
744,132862,International,U1016,2,2,2
745,132862,International,U1098,1,2,2
746,132862,International,U1003,1,2,2
747,132862,International,U1029,1,1,1
748,132862,International,U1137,2,2,2
749,132862,International,U1090,2,2,2
750,132862,International,U1112,1,1,1
751,132862,International,U1057,1,0,0
752,132862,International,U1059,0,0,0
753,132862,International,U1073,0,0,0
754,132862,International,U1049,0,0,0
755,132862,International,U1002,2,2,2
756,132862,International,U1136,2,2,2
757,132861,Burgers,U1038,1,1,2
758,132861,Burgers,U1084,2,2,2
759,132861,Burgers,U1095,1,1,1
760,132861,Burgers,U1098,2,2,1
761,132861,Burgers,U1091,1,1,1
762,132861,Burgers,U1046,1,2,2
763,132861,Burgers,U1097,2,2,1
764,132858,Burgers,U1038,0,2,1
765,132858,Burgers,U1069,0,0,0
766,132858,Burgers,U1008,1,2,1
767,132858,Burgers,U1111,1,1,1
768,132858,Burgers,U1102,2,2,0
769,132856,Italian,U1038,0,1,1
770,132856,Italian,U1071,2,2,2
771,132856,Italian,U1019,0,0,0
772,132856,Italian,U1113,0,1,0
773,132856,Italian,U1106,0,1,0
774,132856,Italian,U1045,1,2,2
775,132856,Italian,U1016,2,2,2
776,132856,Italian,U1099,1,1,0
777,132856,Italian,U1054,2,2,2
778,132856,Italian,U1101,1,0,1
779,132856,Italian,U1032,1,1,0
780,132856,Italian,U1135,0,0,0
781,132856,Italian,U1109,1,1,1
782,132856,Italian,U1098,1,2,1
783,132854,International,U1038,1,2,2
784,132854,International,U1113,0,0,0
785,132854,International,U1008,2,2,1
786,132854,International,U1111,2,2,2
787,132854,International,U1037,1,2,0
788,132854,International,U1102,2,2,2
789,132851,American,U1052,1,0,2
790,132851,American,U1069,1,0,0
791,132851,American,U1008,1,1,1
792,132851,American,U1111,2,1,0
793,132851,American,U1037,2,2,1
794,132851,American,U1015,1,1,1
795,132851,American,U1131,2,2,2
796,132851,Game,U1052,1,0,2
797,132851,Game,U1069,1,0,0
798,132851,Game,U1008,1,1,1
799,132851,Game,U1111,2,1,0
800,132851,Game,U1037,2,2,1
801,132851,Game,U1015,1,1,1
802,132851,Game,U1131,2,2,2
803,132846,International,U1120,2,2,1
804,132846,International,U1069,0,0,0
805,132846,International,U1008,1,1,1
806,132846,International,U1102,2,2,2
807,132846,International,U1025,2,2,2
808,132845,Mexican,U1120,1,0,2
809,132845,Mexican,U1037,0,0,0
810,132845,Mexican,U1069,0,0,0
811,132845,Mexican,U1111,2,2,1
812,132845,Mexican,U1015,1,1,1
813,132834,Mexican,U1116,2,2,2
814,132834,Mexican,U1075,1,2,1
815,132834,Mexican,U1024,1,1,1
816,132834,Mexican,U1036,1,2,2
817,132834,Mexican,U1071,1,1,1
818,132834,Mexican,U1104,1,2,1
819,132834,Mexican,U1106,2,1,1
820,132834,Mexican,U1045,1,1,1
821,132834,Mexican,U1009,2,2,1
822,132834,Mexican,U1016,2,2,2
823,132834,Mexican,U1099,2,2,2
824,132834,Mexican,U1135,0,0,0
825,132834,Mexican,U1032,1,1,0
826,132834,Mexican,U1062,0,0,0
827,132834,Mexican,U1078,0,2,1
828,132834,Mexican,U1122,2,1,1
829,132834,Mexican,U1089,1,1,1
830,132834,Mexican,U1029,0,1,0
831,132834,Mexican,U1019,0,0,0
832,132834,Mexican,U1137,2,2,2
833,132834,Mexican,U1114,0,0,0
834,132834,Mexican,U1061,1,2,1
835,132834,Mexican,U1112,1,0,0
836,132834,Mexican,U1057,1,0,1
837,132834,Mexican,U1073,0,0,0
838,132825,Mexican,U1077,2,2,2
839,132825,Mexican,U1055,2,2,2
840,132825,Mexican,U1053,1,2,0
841,132825,Mexican,U1081,1,0,1
842,132825,Mexican,U1001,2,2,1
843,132825,Mexican,U1056,2,2,2
844,132825,Mexican,U1134,1,2,1
845,132825,Mexican,U1116,2,2,2
846,132825,Mexican,U1024,1,1,0
847,132825,Mexican,U1132,2,2,2
848,132825,Mexican,U1036,2,2,2
849,132825,Mexican,U1071,2,2,2
850,132825,Mexican,U1049,0,0,0
851,132825,Mexican,U1104,1,2,1
852,132825,Mexican,U1045,2,1,1
853,132825,Mexican,U1009,1,1,0
854,132825,Mexican,U1135,0,0,0
855,132825,Mexican,U1062,0,0,0
856,132825,Mexican,U1109,2,2,2
857,132825,Mexican,U1085,2,2,2
858,132825,Mexican,U1098,1,1,1
859,132825,Mexican,U1003,2,2,1
860,132825,Mexican,U1091,0,1,1
861,132825,Mexican,U1029,1,1,0
862,132825,Mexican,U1137,2,2,1
863,132825,Mexican,U1114,0,0,0
864,132825,Mexican,U1061,1,2,1
865,132825,Mexican,U1057,1,1,0
866,132825,Mexican,U1025,0,0,0
867,132825,Mexican,U1059,2,1,1
868,132825,Mexican,U1006,1,1,1
869,132825,Mexican,U1002,2,2,0
870,132773,Family,U1072,2,1,2
871,132773,Family,U1117,1,2,2
872,132773,Family,U1035,2,1,2
873,132773,Family,U1040,1,1,1
874,132773,Mexican,U1072,2,1,2
875,132773,Mexican,U1117,1,2,2
876,132773,Mexican,U1035,2,1,2
877,132773,Mexican,U1040,1,1,1
878,132768,Family,U1017,1,1,1
879,132768,Family,U1100,2,2,2
880,132768,Family,U1118,0,0,0
881,132768,Family,U1020,2,2,2
882,132768,Family,U1051,1,2,1
883,132768,Family,U1044,2,2,2
884,132768,Family,U1119,2,2,2
885,132768,Family,U1079,2,2,2
886,132768,Family,U1042,2,2,1
887,132768,Family,U1041,2,2,1
888,132767,Vietnamese,U1093,2,2,2
889,132767,Vietnamese,U1030,0,0,0
890,132767,Vietnamese,U1066,1,2,1
891,132767,Vietnamese,U1133,0,0,0
892,132767,Vietnamese,U1110,2,2,2
893,132767,Vietnamese,U1121,2,2,2
894,132766,Japanese,U1133,1,1,0
895,132766,Japanese,U1117,0,0,1
896,132766,Japanese,U1079,1,2,1
897,132755,Mexican,U1083,2,2,2
898,132755,Mexican,U1048,2,2,2
899,132755,Mexican,U1003,2,2,1
900,132755,Mexican,U1137,2,2,2
901,132755,Mexican,U1114,1,2,1
902,132754,Mexican,U1055,2,2,2
903,132754,Mexican,U1053,1,2,1
904,132754,Mexican,U1134,2,1,1
905,132754,Mexican,U1036,2,2,2
906,132754,Mexican,U1106,2,2,1
907,132754,Mexican,U1009,1,2,1
908,132754,Mexican,U1122,2,1,2
909,132754,Mexican,U1089,1,1,1
910,132754,Mexican,U1029,0,0,0
911,132754,Mexican,U1114,0,0,0
912,132754,Mexican,U1003,2,2,2
913,132754,Mexican,U1061,2,2,2
914,132754,Mexican,U1059,2,2,2
915,132740,Mexican,U1068,0,0,0
916,132740,Mexican,U1060,1,2,1
917,132740,Mexican,U1123,1,1,1
918,132740,Mexican,U1021,2,2,1
919,132740,Mexican,U1023,0,0,0
920,132740,Mexican,U1050,0,2,0
921,132740,Mexican,U1028,1,1,1
922,132740,Mexican,U1087,1,2,1
923,132733,Pizzeria,U1067,1,1,1
924,132733,Pizzeria,U1103,2,2,2
925,132733,Pizzeria,U1107,2,2,2
926,132733,Pizzeria,U1060,2,1,2
927,132733,Pizzeria,U1123,1,2,1
928,132733,Pizzeria,U1023,2,2,2
929,132733,Pizzeria,U1080,1,1,1
930,132733,Pizzeria,U1082,0,0,0
931,132733,Pizzeria,U1028,1,1,1
932,132733,Pizzeria,U1068,1,1,0
933,132732,Mexican,U1068,0,0,0
934,132732,Mexican,U1067,1,2,2
935,132732,Mexican,U1103,0,0,2
936,132732,Mexican,U1082,0,0,0
937,132732,Mexican,U1028,1,1,1
938,132732,Mexican,U1050,0,1,1
939,132732,Mexican,U1087,2,2,1
940,132732,Mexican,U1043,1,1,1
941,132723,Mexican,U1083,1,1,1
942,132723,Mexican,U1108,2,2,2
943,132723,Mexican,U1084,1,0,1
944,132723,Mexican,U1034,1,0,1
945,132723,Mexican,U1095,2,2,2
946,132723,Mexican,U1048,2,2,2
947,132723,Mexican,U1092,1,1,1
948,132723,Mexican,U1003,2,2,1
949,132723,Mexican,U1137,2,2,2
950,132723,Mexican,U1114,0,0,0
951,132723,Mexican,U1061,2,2,1
952,132723,Mexican,U1096,1,2,1
953,132717,Fast_Food,U1023,0,0,0
954,132717,Fast_Food,U1060,2,2,2
955,132717,Fast_Food,U1011,2,2,1
956,132715,Mexican,U1023,0,0,0
957,132715,Mexican,U1021,2,2,1
958,132715,Mexican,U1080,1,1,1
959,132715,Mexican,U1011,1,1,0
960,132706,Mexican,U1026,0,2,0
961,132706,Mexican,U1129,0,0,1
962,132706,Mexican,U1065,2,1,2
963,132706,Mexican,U1130,1,2,1
964,132668,Mexican,U1031,0,0,0
965,132668,Mexican,U1021,2,2,2
966,132668,Mexican,U1080,1,1,1
967,132667,Armenian,U1103,1,2,2
968,132667,Armenian,U1123,1,2,1
969,132667,Armenian,U1063,1,2,1
970,132667,Armenian,U1087,2,2,1
971,132665,Mexican,U1031,0,0,0
972,132665,Mexican,U1026,2,2,2
973,132665,Mexican,U1065,1,1,1
974,132665,Mexican,U1129,0,0,0
975,132665,Mexican,U1039,1,1,2
976,132663,Mexican,U1068,1,1,1
977,132663,Mexican,U1103,1,0,2
978,132663,Mexican,U1031,0,0,0
979,132663,Mexican,U1082,0,0,0
980,132663,Mexican,U1028,0,0,0
981,132663,Mexican,U1087,1,2,1
982,132630,Mexican,U1068,1,1,1
983,132630,Mexican,U1067,1,0,1
984,132630,Mexican,U1103,1,2,0
985,132630,Mexican,U1082,1,1,1
986,132630,Mexican,U1028,2,2,2
987,132630,Mexican,U1043,1,1,1
988,132626,Italian,U1026,2,2,2
989,132626,Italian,U1065,1,0,1
990,132626,Italian,U1039,2,2,1
991,132626,Italian,U1130,0,0,0
992,132613,Mexican,U1103,2,2,2
993,132613,Mexican,U1070,1,1,0
994,132613,Mexican,U1082,0,0,0
995,132613,Mexican,U1123,1,2,1
996,132613,Mexican,U1028,2,2,2
997,132613,Mexican,U1043,1,1,1
998,132609,Fast_Food,U1070,1,1,1
999,132609,Fast_Food,U1082,0,0,0
1000,132609,Fast_Food,U1063,1,0,1
1001,132609,Fast_Food,U1050,0,0,0
1002,132609,Fast_Food,U1043,1,2,1
1003,132608,Mexican,U1070,2,2,1
1004,132608,Mexican,U1082,0,0,0
1005,132608,Mexican,U1123,1,2,1
1006,132608,Mexican,U1080,2,2,2
1007,132608,Mexican,U1050,0,0,0
1008,132608,Mexican,U1043,1,1,1
1009,132594,Mexican,U1082,0,0,0
1010,132594,Mexican,U1123,1,1,1
1011,132594,Mexican,U1050,0,2,0
1012,132594,Mexican,U1087,1,2,1
1013,132594,Mexican,U1068,1,1,1
1014,132584,Mexican,U1067,2,2,2
1015,132584,Mexican,U1103,1,2,1
1016,132584,Mexican,U1107,2,2,2
1017,132584,Mexican,U1123,1,2,0
1018,132584,Mexican,U1063,2,1,1
1019,132584,Mexican,U1050,0,0,0
1020,132583,American,U1044,1,2,1
1021,132583,American,U1118,0,0,0
1022,132583,American,U1035,1,0,2
1023,132583,American,U1119,2,2,2
1024,132572,Cafeteria,U1108,1,2,1
1025,132572,Cafeteria,U1055,2,2,2
1026,132572,Cafeteria,U1083,2,2,2
1027,132572,Cafeteria,U1134,0,0,0
1028,132572,Cafeteria,U1007,1,1,1
1029,132572,Cafeteria,U1092,1,0,0
1030,132572,Cafeteria,U1033,1,0,0
1031,132572,Cafeteria,U1091,2,2,2
1032,132572,Cafeteria,U1090,1,1,2
1033,132572,Cafeteria,U1013,1,1,0
1034,132572,Cafeteria,U1061,1,2,2
1035,132572,Cafeteria,U1046,1,2,0
1036,132572,Cafeteria,U1112,0,0,1
1037,132572,Cafeteria,U1006,1,0,1
1038,132572,Cafeteria,U1073,0,0,0
1039,132560,Regional,U1067,1,0,0
1040,132560,Regional,U1082,0,0,0
1041,132560,Regional,U1050,0,2,0
1042,132560,Regional,U1087,1,2,1
